,Gender,Race,Sexual orientation,Age,Ave_salary
,Male,White,Heterosexual,16-19,1721.21
,Male,White,Heterosexual,16-19,1380.24
,Male,White,Heterosexual,16-19,1524.88
,Male,White,Heterosexual,16-19,1840.42
,Male,White,Heterosexual,16-19,1747.09
,Male,White,Heterosexual,16-19,1035.88
,Male,White,Heterosexual,16-19,1517.72
,Male,White,Heterosexual,16-19,1242.36
,Male,White,Heterosexual,16-19,1254.4
,Male,White,Heterosexual,16-19,1382.85
,Male,White,Heterosexual,16-19,1316.21
,Male,White,Heterosexual,16-19,1643.77
,Male,White,Heterosexual,16-19,1470.46
,Male,White,Heterosexual,20-24,1310.62
,Male,White,Heterosexual,20-24,1391.17
,Male,White,Heterosexual,20-24,1363.62
,Male,White,Heterosexual,20-24,1653.72
,Male,White,Heterosexual,20-24,1228.91
,Male,White,Heterosexual,20-24,1358.47
,Male,White,Heterosexual,20-24,1066.68
,Male,White,Heterosexual,20-24,641.95
,Male,White,Heterosexual,20-24,1443.6
,Male,White,Heterosexual,20-24,1496.31
,Male,White,Heterosexual,20-24,1094.66
,Male,White,Heterosexual,20-24,1847.64
,Male,White,Heterosexual,20-24,916.61
,Male,White,Heterosexual,20-24,1291.64
,Male,White,Heterosexual,20-24,1233.4
,Male,White,Heterosexual,20-24,1663.39
,Male,White,Heterosexual,20-24,1647.54
,Male,White,Heterosexual,20-24,1318.94
,Male,White,Heterosexual,20-24,1374.74
,Male,White,Heterosexual,20-24,1058.25
,Male,White,Heterosexual,20-24,785.00
,Male,White,Heterosexual,20-24,1193.22
,Male,White,Heterosexual,20-24,1319.29
,Male,White,Heterosexual,20-24,1587.77
,Male,White,Heterosexual,20-24,1580.79
,Male,White,Heterosexual,20-24,1183.37
,Male,White,Heterosexual,20-24,1204.62
,Male,White,Heterosexual,20-24,1018.06
,Male,White,Heterosexual,20-24,925.20
,Male,White,Heterosexual,20-24,853.63
,Male,White,Heterosexual,20-24,1767.89
,Male,White,Heterosexual,20-24,1152.79
,Male,White,Heterosexual,20-24,1170.68
,Male,White,Heterosexual,20-24,967.00
,Male,White,Heterosexual,20-24,1474.57
,Male,White,Heterosexual,25-34,876.73
,Male,White,Heterosexual,25-34,1227.01
,Male,White,Heterosexual,25-34,1056.33
,Male,White,Heterosexual,25-34,1376.93
,Male,White,Heterosexual,25-34,1152.5
,Male,White,Heterosexual,25-34,985.04
,Male,White,Heterosexual,25-34,1273.15
,Male,White,Heterosexual,25-34,1387.28
,Male,White,Heterosexual,25-34,1296.83
,Male,White,Heterosexual,25-34,1355.82
,Male,White,Heterosexual,25-34,1121.62
,Male,White,Heterosexual,25-34,1189.51
,Male,White,Heterosexual,25-34,1112.08
,Male,White,Heterosexual,25-34,1190.31
,Male,White,Heterosexual,25-34,1076.91
,Male,White,Heterosexual,25-34,848.63
,Male,White,Heterosexual,25-34,1324.56
,Male,White,Heterosexual,25-34,1179.75
,Male,White,Heterosexual,25-34,872.65
,Male,White,Heterosexual,25-34,1395.9
,Male,White,Heterosexual,25-34,1053.38
,Male,White,Heterosexual,25-34,1293.19
,Male,White,Heterosexual,25-34,1462.47
,Male,White,Heterosexual,25-34,1312.45
,Male,White,Heterosexual,25-34,1565.05
,Male,White,Heterosexual,25-34,971.49
,Male,White,Heterosexual,25-34,1380.79
,Male,White,Heterosexual,25-34,1109
,Male,White,Heterosexual,25-34,1062.5
,Male,White,Heterosexual,25-34,1135.49
,Male,White,Heterosexual,25-34,1202.31
,Male,White,Heterosexual,25-34,1294.24
,Male,White,Heterosexual,25-34,988.91
,Male,White,Heterosexual,25-34,1505.41
,Male,White,Heterosexual,25-34,1396.62
,Male,White,Heterosexual,25-34,896.14
,Male,White,Heterosexual,25-34,1652.26
,Male,White,Heterosexual,25-34,1754.17
,Male,White,Heterosexual,25-34,1574.89
,Male,White,Heterosexual,25-34,1235.22
,Male,White,Heterosexual,25-34,1012.51
,Male,White,Heterosexual,25-34,1543.81
,Male,White,Heterosexual,25-34,1179.41
,Male,White,Heterosexual,25-34,1585.81
,Male,White,Heterosexual,25-34,1332.27
,Male,White,Heterosexual,25-34,1524.36
,Male,White,Heterosexual,25-34,1369.29
,Male,White,Heterosexual,25-34,1456.84
,Male,White,Heterosexual,25-34,1282.83
,Male,White,Heterosexual,25-34,1726.67
,Male,White,Heterosexual,25-34,1311.93
,Male,White,Heterosexual,25-34,1380.7
,Male,White,Heterosexual,25-34,1750.99
,Male,White,Heterosexual,25-34,943.26
,Male,White,Heterosexual,25-34,962.58
,Male,White,Heterosexual,25-34,1522.55
,Male,White,Heterosexual,25-34,986.92
,Male,White,Heterosexual,25-34,1766.11
,Male,White,Heterosexual,25-34,1176.8
,Male,White,Heterosexual,25-34,1093.34
,Male,White,Heterosexual,25-34,1760.94
,Male,White,Heterosexual,25-34,1650.33
,Male,White,Heterosexual,25-34,1747.09
,Male,White,Heterosexual,25-34,1506.71
,Male,White,Heterosexual,25-34,1064.89
,Male,White,Heterosexual,25-34,1757.72
,Male,White,Heterosexual,25-34,1213.2
,Male,White,Heterosexual,25-34,1480.81
,Male,White,Heterosexual,25-34,1517.01
,Male,White,Heterosexual,25-34,1241.45
,Male,White,Heterosexual,25-34,1433.72
,Male,White,Heterosexual,25-34,1510.75
,Male,White,Heterosexual,25-34,1374.31
,Male,White,Heterosexual,25-34,1005.35
,Male,White,Heterosexual,25-34,1354.76
,Male,White,Heterosexual,25-34,1611.8
,Male,White,Heterosexual,25-34,1106.56
,Male,White,Heterosexual,25-34,1242.79
,Male,White,Heterosexual,25-34,1171.41
,Male,White,Heterosexual,25-34,1742.52
,Male,White,Heterosexual,25-34,1448.27
,Male,White,Heterosexual,25-34,1382.07
,Male,White,Heterosexual,25-34,1087.72
,Male,White,Heterosexual,25-34,1415.01
,Male,White,Heterosexual,25-34,1111.62
,Male,White,Heterosexual,25-34,1288.16
,Male,White,Heterosexual,25-34,1121.24
,Male,White,Heterosexual,25-34,1449.31
,Male,White,Heterosexual,35-44,1424.35
,Male,White,Heterosexual,35-44,1228.13
,Male,White,Heterosexual,35-44,1379.2
,Male,White,Heterosexual,35-44,1006.93
,Male,White,Heterosexual,35-44,907.39
,Male,White,Heterosexual,35-44,1390.05
,Male,White,Heterosexual,35-44,1321.87
,Male,White,Heterosexual,35-44,1438.96
,Male,White,Heterosexual,35-44,1875.99
,Male,White,Heterosexual,35-44,1516.32
,Male,White,Heterosexual,35-44,1051.99
,Male,White,Heterosexual,35-44,1559.45
,Male,White,Heterosexual,35-44,951.22
,Male,White,Heterosexual,35-44,1164.8
,Male,White,Heterosexual,35-44,1263.14
,Male,White,Heterosexual,35-44,1708.54
,Male,White,Heterosexual,35-44,1094.01
,Male,White,Heterosexual,35-44,1073.59
,Male,White,Heterosexual,35-44,1255.59
,Male,White,Heterosexual,35-44,1114.33
,Male,White,Heterosexual,35-44,1561.86
,Male,White,Heterosexual,35-44,1010.22
,Male,White,Heterosexual,35-44,993.33
,Male,White,Heterosexual,35-44,1170.74
,Male,White,Heterosexual,35-44,1155.69
,Male,White,Heterosexual,35-44,1762.58
,Male,White,Heterosexual,35-44,1517.56
,Male,White,Heterosexual,35-44,1302.09
,Male,White,Heterosexual,35-44,973.84
,Male,White,Heterosexual,35-44,1491.29
,Male,White,Heterosexual,35-44,1030.15
,Male,White,Heterosexual,35-44,894.01
,Male,White,Heterosexual,35-44,1577.21
,Male,White,Heterosexual,35-44,1359.44
,Male,White,Heterosexual,35-44,1510.41
,Male,White,Heterosexual,35-44,1359.88
,Male,White,Heterosexual,35-44,1494.41
,Male,White,Heterosexual,35-44,1117.44
,Male,White,Heterosexual,35-44,1021.64
,Male,White,Heterosexual,35-44,1450.6
,Male,White,Heterosexual,35-44,1079.35
,Male,White,Heterosexual,35-44,1107.81
,Male,White,Heterosexual,35-44,1166.32
,Male,White,Heterosexual,35-44,1284.57
,Male,White,Heterosexual,35-44,1191.7
,Male,White,Heterosexual,35-44,936.46
,Male,White,Heterosexual,35-44,1119.3
,Male,White,Heterosexual,35-44,724.35
,Male,White,Heterosexual,35-44,1436.51
,Male,White,Heterosexual,35-44,879.69
,Male,White,Heterosexual,35-44,1004.1
,Male,White,Heterosexual,35-44,1293.24
,Male,White,Heterosexual,35-44,1095.31
,Male,White,Heterosexual,35-44,1665.95
,Male,White,Heterosexual,35-44,956.99
,Male,White,Heterosexual,35-44,1346.96
,Male,White,Heterosexual,35-44,1270.38
,Male,White,Heterosexual,35-44,988.18
,Male,White,Heterosexual,35-44,1411.02
,Male,White,Heterosexual,35-44,1237.31
,Male,White,Heterosexual,35-44,1473.15
,Male,White,Heterosexual,35-44,1486.08
,Male,White,Heterosexual,35-44,1821.01
,Male,White,Heterosexual,35-44,1614.33
,Male,White,Heterosexual,35-44,1187.9
,Male,White,Heterosexual,35-44,1220.36
,Male,White,Heterosexual,35-44,1555.11
,Male,White,Heterosexual,35-44,1444.02
,Male,White,Heterosexual,35-44,1440.23
,Male,White,Heterosexual,35-44,875.96
,Male,White,Heterosexual,35-44,1274.12
,Male,White,Heterosexual,35-44,1095.69
,Male,White,Heterosexual,35-44,1350.18
,Male,White,Heterosexual,35-44,1255.66
,Male,White,Heterosexual,35-44,1507.74
,Male,White,Heterosexual,35-44,1359.5
,Male,White,Heterosexual,35-44,1476.78
,Male,White,Heterosexual,35-44,1163.6
,Male,White,Heterosexual,35-44,1044.09
,Male,White,Heterosexual,35-44,1177.69
,Male,White,Heterosexual,35-44,1275.94
,Male,White,Heterosexual,35-44,1374.99
,Male,White,Heterosexual,45-54,1845.03
,Male,White,Heterosexual,45-54,1269.64
,Male,White,Heterosexual,45-54,1041.21
,Male,White,Heterosexual,45-54,1193.7
,Male,White,Heterosexual,45-54,1164.3
,Male,White,Heterosexual,45-54,1400.57
,Male,White,Heterosexual,45-54,895.00
,Male,White,Heterosexual,45-54,1296.02
,Male,White,Heterosexual,45-54,1319.33
,Male,White,Heterosexual,45-54,1338.25
,Male,White,Heterosexual,45-54,1130.87
,Male,White,Heterosexual,45-54,1220.72
,Male,White,Heterosexual,45-54,924.18
,Male,White,Heterosexual,45-54,1156.87
,Male,White,Heterosexual,45-54,1144.48
,Male,White,Heterosexual,45-54,1384.21
,Male,White,Heterosexual,45-54,991.15
,Male,White,Heterosexual,45-54,1475.5
,Male,White,Heterosexual,45-54,1653.82
,Male,White,Heterosexual,45-54,762.70
,Male,White,Heterosexual,45-54,1386.76
,Male,White,Heterosexual,45-54,1449.43
,Male,White,Heterosexual,45-54,1120.84
,Male,White,Heterosexual,45-54,1180.88
,Male,White,Heterosexual,45-54,1246.98
,Male,White,Heterosexual,45-54,1205.75
,Male,White,Heterosexual,45-54,1202.95
,Male,White,Heterosexual,45-54,861.20
,Male,White,Heterosexual,45-54,1568.28
,Male,White,Heterosexual,45-54,1550.1
,Male,White,Heterosexual,45-54,1076.86
,Male,White,Heterosexual,45-54,913.59
,Male,White,Heterosexual,45-54,1410.47
,Male,White,Heterosexual,45-54,1136.25
,Male,White,Heterosexual,45-54,1315.69
,Male,White,Heterosexual,45-54,1200.37
,Male,White,Heterosexual,45-54,1453.08
,Male,White,Heterosexual,45-54,1453.89
,Male,White,Heterosexual,45-54,1098.8
,Male,White,Heterosexual,45-54,934.36
,Male,White,Heterosexual,45-54,884.47
,Male,White,Heterosexual,45-54,1432.79
,Male,White,Heterosexual,45-54,982.99
,Male,White,Heterosexual,45-54,1153.5
,Male,White,Heterosexual,45-54,1131.12
,Male,White,Heterosexual,45-54,1267.06
,Male,White,Heterosexual,45-54,796.13
,Male,White,Heterosexual,45-54,1327.39
,Male,White,Heterosexual,45-54,1411.17
,Male,White,Heterosexual,45-54,1302.31
,Male,White,Heterosexual,45-54,1202.48
,Male,White,Heterosexual,45-54,1304.55
,Male,White,Heterosexual,45-54,1379.96
,Male,White,Heterosexual,45-54,587.05
,Male,White,Heterosexual,45-54,1769.18
,Male,White,Heterosexual,45-54,1377.72
,Male,White,Heterosexual,45-54,1117.1
,Male,White,Heterosexual,45-54,1182.46
,Male,White,Heterosexual,45-54,1403.64
,Male,White,Heterosexual,45-54,1251.17
,Male,White,Heterosexual,45-54,772.53
,Male,White,Heterosexual,45-54,1796.32
,Male,White,Heterosexual,45-54,1252.56
,Male,White,Heterosexual,45-54,1535.24
,Male,White,Heterosexual,45-54,1107.19
,Male,White,Heterosexual,45-54,1664.29
,Male,White,Heterosexual,45-54,1351.79
,Male,White,Heterosexual,45-54,1432.41
,Male,White,Heterosexual,45-54,1018.89
,Male,White,Heterosexual,45-54,1582.99
,Male,White,Heterosexual,45-54,1452.65
,Male,White,Heterosexual,45-54,1605.66
,Male,White,Heterosexual,45-54,1123.18
,Male,White,Heterosexual,45-54,1159.94
,Male,White,Heterosexual,45-54,1856.18
,Male,White,Heterosexual,45-54,1015.2
,Male,White,Heterosexual,45-54,1246.21
,Male,White,Heterosexual,45-54,1564.42
,Male,White,Heterosexual,45-54,1304.63
,Male,White,Heterosexual,45-54,1425.94
,Male,White,Heterosexual,45-54,1180.34
,Male,White,Heterosexual,55-64,1372.71
,Male,White,Heterosexual,55-64,953.57
,Male,White,Heterosexual,55-64,1694.73
,Male,White,Heterosexual,55-64,1250.66
,Male,White,Heterosexual,55-64,1110.16
,Male,White,Heterosexual,55-64,1446.8
,Male,White,Heterosexual,55-64,1165.02
,Male,White,Heterosexual,55-64,946.64
,Male,White,Heterosexual,55-64,943.52
,Male,White,Heterosexual,55-64,1453.64
,Male,White,Heterosexual,55-64,1240.31
,Male,White,Heterosexual,55-64,1246.77
,Male,White,Heterosexual,55-64,1549.64
,Male,White,Heterosexual,55-64,998.49
,Male,White,Heterosexual,55-64,1097.53
,Male,White,Heterosexual,55-64,1183.98
,Male,White,Heterosexual,55-64,1303.79
,Male,White,Heterosexual,55-64,1269.66
,Male,White,Heterosexual,55-64,1208.48
,Male,White,Heterosexual,55-64,1264.79
,Male,White,Heterosexual,55-64,1253.37
,Male,White,Heterosexual,55-64,1100.3
,Male,White,Heterosexual,55-64,1076.95
,Male,White,Heterosexual,55-64,1348.83
,Male,White,Heterosexual,55-64,1057.47
,Male,White,Heterosexual,55-64,990.86
,Male,White,Heterosexual,55-64,1202.13
,Male,White,Heterosexual,55-64,1240.78
,Male,White,Heterosexual,55-64,1844.38
,Male,White,Heterosexual,55-64,1104.02
,Male,White,Heterosexual,55-64,1516.02
,Male,White,Heterosexual,55-64,1467
,Male,White,Heterosexual,55-64,982.96
,Male,White,Heterosexual,55-64,1473.51
,Male,White,Heterosexual,55-64,984.23
,Male,White,Heterosexual,55-64,615.41
,Male,White,Heterosexual,55-64,1431.78
,Male,White,Heterosexual,55-64,841.23
,Male,White,Heterosexual,55-64,1392.93
,Male,White,Heterosexual,55-64,1109.2
,Male,White,Heterosexual,55-64,1695.09
,Male,White,Heterosexual,55-64,1547.33
,Male,White,Heterosexual,55-64,1166.85
,Male,White,Heterosexual,55-64,1108.24
,Male,White,Heterosexual,55-64,976.68
,Male,White,Heterosexual,55-64,1169.97
,Male,White,Heterosexual,55-64,1210.11
,Male,White,Heterosexual,55-64,1189.03
,Male,White,Heterosexual,55-64,1319.38
,Male,White,Heterosexual,55-64,1424.83
,Male,White,Heterosexual,55-64,1367.61
,Male,White,Heterosexual,55-64,1089.16
,Male,White,Heterosexual,55-64,920.75
,Male,White,Heterosexual,55-64,1621.33
,Male,White,Heterosexual,55-64,1107.84
,Male,White,Heterosexual,55-64,1117.13
,Male,White,Heterosexual,55-64,1149.9
,Male,White,Heterosexual,55-64,819.43
,Male,White,Heterosexual,55-64,1160.71
,Male,White,Heterosexual,55-64,1160.29
,Male,White,Heterosexual,55-64,1435.29
,Male,White,Heterosexual,55-64,1454.81
,Male,White,Heterosexual,55-64,1281.14
,Male,White,Heterosexual,55-64,1513.16
,Male,White,Heterosexual,55-64,1365.19
,Male,White,Heterosexual,55-64,1276.28
,Male,White,Heterosexual,55-64,1320.43
,Male,White,Heterosexual,>64,1232.54
,Male,White,Heterosexual,>64,1181.49
,Male,White,Heterosexual,>64,1213.27
,Male,White,Heterosexual,>64,998.20
,Male,White,Heterosexual,>64,1350.31
,Male,White,Heterosexual,>64,1031.92
,Male,White,Heterosexual,>64,1490.61
,Male,White,Heterosexual,>64,1217.84
,Male,White,Heterosexual,>64,1292.57
,Male,White,Heterosexual,>64,1403.66
,Male,White,Heterosexual,>64,1441.03
,Male,White,Heterosexual,>64,887.54
,Male,White,Heterosexual,>64,1228.47
,Male,White,Heterosexual,>64,1500.24
,Male,White,Homosexual,20-24,1665.17
,Male,White,Homosexual,25-34,1324.20
,Male,White,Homosexual,35-44,1468.84
,Male,White,Homosexual,45-54,1784.38
,Male,White,Homosexual,55-64,1691.05
,Male,White,Homosexual,>64,979.84
,Male,White,Homosexual,25-34,1461.68
,Male,White,Homosexual,35-44,1186.32
,Male,White,Bisexual ,25-34,1280.2
,Male,White,Bisexual ,35-44,1024.16
,Male,White,Bisexual ,45-54,768.12
,Male,Black,Heterosexual,16-19,1413.71
,Male,Black,Heterosexual,20-24,1072.74
,Male,Black,Heterosexual,20-24,1217.38
,Male,Black,Heterosexual,20-24,1532.92
,Male,Black,Heterosexual,25-34,1439.59
,Male,Black,Heterosexual,25-34,728.38
,Male,Black,Heterosexual,25-34,1210.22
,Male,Black,Heterosexual,25-34,934.86
,Male,Black,Heterosexual,25-34,946.90
,Male,Black,Heterosexual,25-34,1075.35
,Male,Black,Heterosexual,25-34,1008.71
,Male,Black,Heterosexual,25-34,1336.27
,Male,Black,Heterosexual,35-44,1162.96
,Male,Black,Heterosexual,35-44,1003.12
,Male,Black,Heterosexual,35-44,1083.67
,Male,Black,Heterosexual,35-44,1056.12
,Male,Black,Heterosexual,35-44,1346.22
,Male,Black,Heterosexual,35-44,921.41
,Male,Black,Heterosexual,35-44,1050.97
,Male,Black,Heterosexual,45-54,759.18
,Male,Black,Heterosexual,45-54,334.45
,Male,Black,Heterosexual,45-54,1136.10
,Male,Black,Heterosexual,45-54,1188.81
,Male,Black,Heterosexual,45-54,787.16
,Male,Black,Heterosexual,45-54,1540.14
,Male,Black,Heterosexual,45-54,609.11
,Male,Black,Heterosexual,55-64,984.14
,Male,Black,Heterosexual,55-64,925.90
,Male,Black,Heterosexual,55-64,1355.89
,Male,Black,Heterosexual,55-64,1340.04
,Male,Black,Heterosexual,55-64,1011.44
,Male,Black,Heterosexual,55-64,1067.24
,Male,Black,Heterosexual,55-64,750.75
,Male,Black,Heterosexual,>64,477.50
,Male,Black,Homosexual,25-34,817.11
,Male,Black,Homosexual,35-44,739.29
,Male,Black,Bisexual ,25-34,778.2
,Male,Latino,Heterosexual,16-19,1456.01
,Male,Latino,Heterosexual,20-24,1115.04
,Male,Latino,Heterosexual,20-24,1259.68
,Male,Latino,Heterosexual,20-24,1575.22
,Male,Latino,Heterosexual,20-24,1481.89
,Male,Latino,Heterosexual,25-34,770.68
,Male,Latino,Heterosexual,25-34,1252.52
,Male,Latino,Heterosexual,25-34,977.16
,Male,Latino,Heterosexual,25-34,989.20
,Male,Latino,Heterosexual,25-34,1117.65
,Male,Latino,Heterosexual,25-34,1051.01
,Male,Latino,Heterosexual,25-34,1378.57
,Male,Latino,Heterosexual,25-34,1205.26
,Male,Latino,Heterosexual,25-34,1045.42
,Male,Latino,Heterosexual,25-34,1125.97
,Male,Latino,Heterosexual,35-44,1098.42
,Male,Latino,Heterosexual,35-44,1388.52
,Male,Latino,Heterosexual,35-44,963.71
,Male,Latino,Heterosexual,35-44,1093.27
,Male,Latino,Heterosexual,35-44,801.48
,Male,Latino,Heterosexual,35-44,376.75
,Male,Latino,Heterosexual,35-44,1178.40
,Male,Latino,Heterosexual,35-44,1231.11
,Male,Latino,Heterosexual,35-44,829.46
,Male,Latino,Heterosexual,45-54,1582.44
,Male,Latino,Heterosexual,45-54,651.41
,Male,Latino,Heterosexual,45-54,1026.44
,Male,Latino,Heterosexual,45-54,968.20
,Male,Latino,Heterosexual,45-54,1398.19
,Male,Latino,Heterosexual,45-54,1382.34
,Male,Latino,Heterosexual,45-54,1053.74
,Male,Latino,Heterosexual,45-54,1109.54
,Male,Latino,Heterosexual,45-54,793.05
,Male,Latino,Heterosexual,55-64,519.80
,Male,Latino,Heterosexual,55-64,928.02
,Male,Latino,Heterosexual,55-64,1054.09
,Male,Latino,Heterosexual,55-64,1322.57
,Male,Latino,Heterosexual,55-64,1315.59
,Male,Latino,Heterosexual,55-64,918.17
,Male,Latino,Heterosexual,55-64,939.42
,Male,Latino,Heterosexual,>64,752.86
,Male,Latino,Heterosexual,>64,660.00
,Male,Latino,Heterosexual,>64,588.43
,Male,Latino,Heterosexual,>64,1502.69
,Male,Latino,Homosexual,20-24,609
,Male,Latino,Homosexual,25-34,852.6
,Male,Latino,Bisexual ,25-34,812
,Male,Asian ,Heterosexual,16-19,1867.61
,Male,Asian ,Heterosexual,20-24,1526.64
,Male,Asian ,Heterosexual,20-24,1671.28
,Male,Asian ,Heterosexual,20-24,1986.82
,Male,Asian ,Heterosexual,20-24,1893.49
,Male,Asian ,Heterosexual,25-34,1182.28
,Male,Asian ,Heterosexual,25-34,1664.12
,Male,Asian ,Heterosexual,25-34,1388.76
,Male,Asian ,Heterosexual,25-34,1400.80
,Male,Asian ,Heterosexual,25-34,1529.25
,Male,Asian ,Heterosexual,25-34,1462.61
,Male,Asian ,Heterosexual,25-34,1790.17
,Male,Asian ,Heterosexual,25-34,1616.86
,Male,Asian ,Heterosexual,25-34,1457.02
,Male,Asian ,Heterosexual,25-34,1537.57
,Male,Asian ,Heterosexual,35-44,1510.02
,Male,Asian ,Heterosexual,35-44,1800.12
,Male,Asian ,Heterosexual,35-44,1375.31
,Male,Asian ,Heterosexual,35-44,1504.87
,Male,Asian ,Heterosexual,35-44,1213.08
,Male,Asian ,Heterosexual,35-44,788.35
,Male,Asian ,Heterosexual,35-44,1590.00
,Male,Asian ,Heterosexual,35-44,1642.71
,Male,Asian ,Heterosexual,35-44,1241.06
,Male,Asian ,Heterosexual,45-54,1994.04
,Male,Asian ,Heterosexual,45-54,1063.01
,Male,Asian ,Heterosexual,45-54,1438.04
,Male,Asian ,Heterosexual,45-54,1379.80
,Male,Asian ,Heterosexual,45-54,1809.79
,Male,Asian ,Heterosexual,45-54,1793.94
,Male,Asian ,Heterosexual,45-54,1465.34
,Male,Asian ,Heterosexual,45-54,1521.14
,Male,Asian ,Heterosexual,45-54,1204.65
,Male,Asian ,Heterosexual,55-64,931.40
,Male,Asian ,Heterosexual,55-64,1339.62
,Male,Asian ,Heterosexual,55-64,1465.69
,Male,Asian ,Heterosexual,55-64,1734.17
,Male,Asian ,Heterosexual,55-64,1727.19
,Male,Asian ,Heterosexual,55-64,1329.77
,Male,Asian ,Heterosexual,55-64,1351.02
,Male,Asian ,Heterosexual,>64,1164.46
,Male,Asian ,Heterosexual,>64,1071.60
,Male,Asian ,Heterosexual,>64,1000.03
,Male,Asian ,Homosexual,20-24,1084.24
,Male,Asian ,Homosexual,25-34,1198.37
,Male,Asian ,Bisexual ,25-34,1141.3
,Female ,White,Heterosexual,16-19,1379.51
,Female ,White,Heterosexual,16-19,1038.54
,Female ,White,Heterosexual,16-19,1183.18
,Female ,White,Heterosexual,16-19,1498.72
,Female ,White,Heterosexual,16-19,1405.39
,Female ,White,Heterosexual,16-19,694.18
,Female ,White,Heterosexual,16-19,1176.02
,Female ,White,Heterosexual,16-19,900.66
,Female ,White,Heterosexual,16-19,912.70
,Female ,White,Heterosexual,16-19,1041.15
,Female ,White,Heterosexual,16-19,974.51
,Female ,White,Heterosexual,16-19,1302.07
,Female ,White,Heterosexual,20-24,1128.76
,Female ,White,Heterosexual,20-24,968.92
,Female ,White,Heterosexual,20-24,1049.47
,Female ,White,Heterosexual,20-24,1021.92
,Female ,White,Heterosexual,20-24,1312.02
,Female ,White,Heterosexual,20-24,887.21
,Female ,White,Heterosexual,20-24,1016.77
,Female ,White,Heterosexual,20-24,724.98
,Female ,White,Heterosexual,20-24,300.25
,Female ,White,Heterosexual,20-24,1101.90
,Female ,White,Heterosexual,20-24,1154.61
,Female ,White,Heterosexual,20-24,752.96
,Female ,White,Heterosexual,20-24,1505.94
,Female ,White,Heterosexual,20-24,574.91
,Female ,White,Heterosexual,20-24,949.94
,Female ,White,Heterosexual,20-24,891.70
,Female ,White,Heterosexual,20-24,1321.69
,Female ,White,Heterosexual,20-24,1305.84
,Female ,White,Heterosexual,20-24,977.24
,Female ,White,Heterosexual,20-24,1033.04
,Female ,White,Heterosexual,20-24,716.55
,Female ,White,Heterosexual,20-24,443.30
,Female ,White,Heterosexual,20-24,851.52
,Female ,White,Heterosexual,20-24,977.59
,Female ,White,Heterosexual,20-24,1246.07
,Female ,White,Heterosexual,20-24,1239.09
,Female ,White,Heterosexual,20-24,841.67
,Female ,White,Heterosexual,20-24,862.92
,Female ,White,Heterosexual,20-24,676.36
,Female ,White,Heterosexual,20-24,583.50
,Female ,White,Heterosexual,20-24,511.93
,Female ,White,Heterosexual,20-24,1426.19
,Female ,White,Heterosexual,20-24,811.09
,Female ,White,Heterosexual,20-24,828.98
,Female ,White,Heterosexual,20-24,625.30
,Female ,White,Heterosexual,25-34,1132.87
,Female ,White,Heterosexual,25-34,535.03
,Female ,White,Heterosexual,25-34,885.31
,Female ,White,Heterosexual,25-34,714.63
,Female ,White,Heterosexual,25-34,1035.23
,Female ,White,Heterosexual,25-34,810.80
,Female ,White,Heterosexual,25-34,643.34
,Female ,White,Heterosexual,25-34,931.45
,Female ,White,Heterosexual,25-34,1045.58
,Female ,White,Heterosexual,25-34,955.13
,Female ,White,Heterosexual,25-34,1014.12
,Female ,White,Heterosexual,25-34,779.92
,Female ,White,Heterosexual,25-34,847.81
,Female ,White,Heterosexual,25-34,770.38
,Female ,White,Heterosexual,25-34,848.61
,Female ,White,Heterosexual,25-34,735.21
,Female ,White,Heterosexual,25-34,506.93
,Female ,White,Heterosexual,25-34,982.86
,Female ,White,Heterosexual,25-34,838.05
,Female ,White,Heterosexual,25-34,530.95
,Female ,White,Heterosexual,25-34,1054.20
,Female ,White,Heterosexual,25-34,711.68
,Female ,White,Heterosexual,25-34,951.49
,Female ,White,Heterosexual,25-34,1120.77
,Female ,White,Heterosexual,25-34,970.75
,Female ,White,Heterosexual,25-34,1223.35
,Female ,White,Heterosexual,25-34,629.79
,Female ,White,Heterosexual,25-34,1039.09
,Female ,White,Heterosexual,25-34,767.30
,Female ,White,Heterosexual,25-34,720.80
,Female ,White,Heterosexual,25-34,793.79
,Female ,White,Heterosexual,25-34,860.61
,Female ,White,Heterosexual,25-34,952.54
,Female ,White,Heterosexual,25-34,647.21
,Female ,White,Heterosexual,25-34,1163.71
,Female ,White,Heterosexual,25-34,1054.92
,Female ,White,Heterosexual,25-34,554.44
,Female ,White,Heterosexual,25-34,1310.56
,Female ,White,Heterosexual,25-34,1412.47
,Female ,White,Heterosexual,25-34,1233.19
,Female ,White,Heterosexual,25-34,893.52
,Female ,White,Heterosexual,25-34,670.81
,Female ,White,Heterosexual,25-34,1202.11
,Female ,White,Heterosexual,25-34,837.71
,Female ,White,Heterosexual,25-34,1244.11
,Female ,White,Heterosexual,25-34,990.57
,Female ,White,Heterosexual,25-34,1182.66
,Female ,White,Heterosexual,25-34,1027.59
,Female ,White,Heterosexual,25-34,1115.14
,Female ,White,Heterosexual,25-34,941.13
,Female ,White,Heterosexual,25-34,1384.97
,Female ,White,Heterosexual,25-34,970.23
,Female ,White,Heterosexual,25-34,1039.00
,Female ,White,Heterosexual,25-34,1409.29
,Female ,White,Heterosexual,25-34,601.56
,Female ,White,Heterosexual,25-34,620.88
,Female ,White,Heterosexual,25-34,1180.85
,Female ,White,Heterosexual,25-34,645.22
,Female ,White,Heterosexual,25-34,1424.41
,Female ,White,Heterosexual,25-34,835.10
,Female ,White,Heterosexual,25-34,751.64
,Female ,White,Heterosexual,25-34,1419.24
,Female ,White,Heterosexual,25-34,1308.63
,Female ,White,Heterosexual,25-34,1405.39
,Female ,White,Heterosexual,25-34,1165.01
,Female ,White,Heterosexual,25-34,723.19
,Female ,White,Heterosexual,25-34,1416.02
,Female ,White,Heterosexual,25-34,871.50
,Female ,White,Heterosexual,25-34,1139.11
,Female ,White,Heterosexual,25-34,1175.31
,Female ,White,Heterosexual,25-34,899.75
,Female ,White,Heterosexual,25-34,1092.02
,Female ,White,Heterosexual,25-34,1169.05
,Female ,White,Heterosexual,25-34,1032.61
,Female ,White,Heterosexual,25-34,663.65
,Female ,White,Heterosexual,25-34,1013.06
,Female ,White,Heterosexual,25-34,1270.10
,Female ,White,Heterosexual,25-34,764.86
,Female ,White,Heterosexual,25-34,901.09
,Female ,White,Heterosexual,25-34,829.71
,Female ,White,Heterosexual,25-34,1400.82
,Female ,White,Heterosexual,25-34,1106.57
,Female ,White,Heterosexual,25-34,1040.37
,Female ,White,Heterosexual,25-34,746.02
,Female ,White,Heterosexual,25-34,1073.31
,Female ,White,Heterosexual,25-34,769.92
,Female ,White,Heterosexual,25-34,946.46
,Female ,White,Heterosexual,25-34,779.54
,Female ,White,Heterosexual,25-34,1107.61
,Female ,White,Heterosexual,35-44,1082.65
,Female ,White,Heterosexual,35-44,886.43
,Female ,White,Heterosexual,35-44,1037.50
,Female ,White,Heterosexual,35-44,665.23
,Female ,White,Heterosexual,35-44,565.69
,Female ,White,Heterosexual,35-44,1048.35
,Female ,White,Heterosexual,35-44,980.17
,Female ,White,Heterosexual,35-44,1097.26
,Female ,White,Heterosexual,35-44,1534.29
,Female ,White,Heterosexual,35-44,1174.62
,Female ,White,Heterosexual,35-44,710.29
,Female ,White,Heterosexual,35-44,1217.75
,Female ,White,Heterosexual,35-44,609.52
,Female ,White,Heterosexual,35-44,823.10
,Female ,White,Heterosexual,35-44,921.44
,Female ,White,Heterosexual,35-44,1366.84
,Female ,White,Heterosexual,35-44,752.31
,Female ,White,Heterosexual,35-44,731.89
,Female ,White,Heterosexual,35-44,913.89
,Female ,White,Heterosexual,35-44,772.63
,Female ,White,Heterosexual,35-44,1220.16
,Female ,White,Heterosexual,35-44,668.52
,Female ,White,Heterosexual,35-44,651.63
,Female ,White,Heterosexual,35-44,829.04
,Female ,White,Heterosexual,35-44,813.99
,Female ,White,Heterosexual,35-44,1420.88
,Female ,White,Heterosexual,35-44,1175.86
,Female ,White,Heterosexual,35-44,960.39
,Female ,White,Heterosexual,35-44,632.14
,Female ,White,Heterosexual,35-44,1149.59
,Female ,White,Heterosexual,35-44,688.45
,Female ,White,Heterosexual,35-44,552.31
,Female ,White,Heterosexual,35-44,1235.51
,Female ,White,Heterosexual,35-44,1017.74
,Female ,White,Heterosexual,35-44,1168.71
,Female ,White,Heterosexual,35-44,1018.18
,Female ,White,Heterosexual,35-44,1152.71
,Female ,White,Heterosexual,35-44,775.74
,Female ,White,Heterosexual,35-44,679.94
,Female ,White,Heterosexual,35-44,1108.90
,Female ,White,Heterosexual,35-44,737.65
,Female ,White,Heterosexual,35-44,766.11
,Female ,White,Heterosexual,35-44,824.62
,Female ,White,Heterosexual,35-44,942.87
,Female ,White,Heterosexual,35-44,850.00
,Female ,White,Heterosexual,35-44,594.76
,Female ,White,Heterosexual,35-44,777.60
,Female ,White,Heterosexual,35-44,382.65
,Female ,White,Heterosexual,35-44,1094.81
,Female ,White,Heterosexual,35-44,537.99
,Female ,White,Heterosexual,35-44,662.40
,Female ,White,Heterosexual,35-44,951.54
,Female ,White,Heterosexual,35-44,753.61
,Female ,White,Heterosexual,35-44,1324.25
,Female ,White,Heterosexual,35-44,615.29
,Female ,White,Heterosexual,35-44,1005.26
,Female ,White,Heterosexual,35-44,928.68
,Female ,White,Heterosexual,35-44,646.48
,Female ,White,Heterosexual,35-44,1069.32
,Female ,White,Heterosexual,35-44,895.61
,Female ,White,Heterosexual,35-44,1131.45
,Female ,White,Heterosexual,35-44,1144.38
,Female ,White,Heterosexual,35-44,1479.31
,Female ,White,Heterosexual,35-44,1272.63
,Female ,White,Heterosexual,35-44,846.20
,Female ,White,Heterosexual,35-44,878.66
,Female ,White,Heterosexual,35-44,1213.41
,Female ,White,Heterosexual,35-44,1102.32
,Female ,White,Heterosexual,35-44,1098.53
,Female ,White,Heterosexual,35-44,534.26
,Female ,White,Heterosexual,35-44,932.42
,Female ,White,Heterosexual,35-44,753.99
,Female ,White,Heterosexual,35-44,1008.48
,Female ,White,Heterosexual,35-44,913.96
,Female ,White,Heterosexual,35-44,1166.04
,Female ,White,Heterosexual,35-44,1017.80
,Female ,White,Heterosexual,35-44,1135.08
,Female ,White,Heterosexual,35-44,821.90
,Female ,White,Heterosexual,35-44,702.39
,Female ,White,Heterosexual,35-44,835.99
,Female ,White,Heterosexual,35-44,934.24
,Female ,White,Heterosexual,35-44,1033.29
,Female ,White,Heterosexual,35-44,1503.33
,Female ,White,Heterosexual,45-54,927.94
,Female ,White,Heterosexual,45-54,699.51
,Female ,White,Heterosexual,45-54,852.00
,Female ,White,Heterosexual,45-54,822.60
,Female ,White,Heterosexual,45-54,1058.87
,Female ,White,Heterosexual,45-54,553.30
,Female ,White,Heterosexual,45-54,954.32
,Female ,White,Heterosexual,45-54,977.63
,Female ,White,Heterosexual,45-54,996.55
,Female ,White,Heterosexual,45-54,789.17
,Female ,White,Heterosexual,45-54,879.02
,Female ,White,Heterosexual,45-54,582.48
,Female ,White,Heterosexual,45-54,815.17
,Female ,White,Heterosexual,45-54,802.78
,Female ,White,Heterosexual,45-54,1042.51
,Female ,White,Heterosexual,45-54,649.45
,Female ,White,Heterosexual,45-54,1133.80
,Female ,White,Heterosexual,45-54,1312.12
,Female ,White,Heterosexual,45-54,421.00
,Female ,White,Heterosexual,45-54,1045.06
,Female ,White,Heterosexual,45-54,1107.73
,Female ,White,Heterosexual,45-54,779.14
,Female ,White,Heterosexual,45-54,839.18
,Female ,White,Heterosexual,45-54,905.28
,Female ,White,Heterosexual,45-54,864.05
,Female ,White,Heterosexual,45-54,861.25
,Female ,White,Heterosexual,45-54,519.50
,Female ,White,Heterosexual,45-54,1226.58
,Female ,White,Heterosexual,45-54,1208.40
,Female ,White,Heterosexual,45-54,735.16
,Female ,White,Heterosexual,45-54,571.89
,Female ,White,Heterosexual,45-54,1068.77
,Female ,White,Heterosexual,45-54,794.55
,Female ,White,Heterosexual,45-54,973.99
,Female ,White,Heterosexual,45-54,858.67
,Female ,White,Heterosexual,45-54,1111.38
,Female ,White,Heterosexual,45-54,1112.19
,Female ,White,Heterosexual,45-54,757.10
,Female ,White,Heterosexual,45-54,592.66
,Female ,White,Heterosexual,45-54,542.77
,Female ,White,Heterosexual,45-54,1091.09
,Female ,White,Heterosexual,45-54,641.29
,Female ,White,Heterosexual,45-54,811.80
,Female ,White,Heterosexual,45-54,789.42
,Female ,White,Heterosexual,45-54,925.36
,Female ,White,Heterosexual,45-54,454.43
,Female ,White,Heterosexual,45-54,985.69
,Female ,White,Heterosexual,45-54,1069.47
,Female ,White,Heterosexual,45-54,960.61
,Female ,White,Heterosexual,45-54,860.78
,Female ,White,Heterosexual,45-54,962.85
,Female ,White,Heterosexual,45-54,1038.26
,Female ,White,Heterosexual,45-54,245.35
,Female ,White,Heterosexual,45-54,1427.48
,Female ,White,Heterosexual,45-54,1036.02
,Female ,White,Heterosexual,45-54,775.40
,Female ,White,Heterosexual,45-54,840.76
,Female ,White,Heterosexual,45-54,1061.94
,Female ,White,Heterosexual,45-54,909.47
,Female ,White,Heterosexual,45-54,430.83
,Female ,White,Heterosexual,45-54,1454.62
,Female ,White,Heterosexual,45-54,910.86
,Female ,White,Heterosexual,45-54,1193.54
,Female ,White,Heterosexual,45-54,765.49
,Female ,White,Heterosexual,45-54,1322.59
,Female ,White,Heterosexual,45-54,1010.09
,Female ,White,Heterosexual,45-54,1090.71
,Female ,White,Heterosexual,45-54,677.19
,Female ,White,Heterosexual,45-54,1241.29
,Female ,White,Heterosexual,45-54,1110.95
,Female ,White,Heterosexual,45-54,1263.96
,Female ,White,Heterosexual,45-54,781.48
,Female ,White,Heterosexual,45-54,818.24
,Female ,White,Heterosexual,45-54,1514.48
,Female ,White,Heterosexual,45-54,673.50
,Female ,White,Heterosexual,45-54,904.51
,Female ,White,Heterosexual,45-54,1222.72
,Female ,White,Heterosexual,45-54,962.93
,Female ,White,Heterosexual,45-54,1084.24
,Female ,White,Heterosexual,45-54,838.64
,Female ,White,Heterosexual,45-54,1031.01
,Female ,White,Heterosexual,55-64,611.87
,Female ,White,Heterosexual,55-64,1353.03
,Female ,White,Heterosexual,55-64,908.96
,Female ,White,Heterosexual,55-64,768.46
,Female ,White,Heterosexual,55-64,1105.10
,Female ,White,Heterosexual,55-64,823.32
,Female ,White,Heterosexual,55-64,604.94
,Female ,White,Heterosexual,55-64,601.82
,Female ,White,Heterosexual,55-64,1111.94
,Female ,White,Heterosexual,55-64,898.61
,Female ,White,Heterosexual,55-64,905.07
,Female ,White,Heterosexual,55-64,1207.94
,Female ,White,Heterosexual,55-64,656.79
,Female ,White,Heterosexual,55-64,755.83
,Female ,White,Heterosexual,55-64,842.28
,Female ,White,Heterosexual,55-64,962.09
,Female ,White,Heterosexual,55-64,927.96
,Female ,White,Heterosexual,55-64,866.78
,Female ,White,Heterosexual,55-64,923.09
,Female ,White,Heterosexual,55-64,911.67
,Female ,White,Heterosexual,55-64,758.60
,Female ,White,Heterosexual,55-64,735.25
,Female ,White,Heterosexual,55-64,1007.13
,Female ,White,Heterosexual,55-64,715.77
,Female ,White,Heterosexual,55-64,649.16
,Female ,White,Heterosexual,55-64,860.43
,Female ,White,Heterosexual,55-64,899.08
,Female ,White,Heterosexual,55-64,1502.68
,Female ,White,Heterosexual,55-64,762.32
,Female ,White,Heterosexual,55-64,1174.32
,Female ,White,Heterosexual,55-64,1125.30
,Female ,White,Heterosexual,55-64,641.26
,Female ,White,Heterosexual,55-64,1131.81
,Female ,White,Heterosexual,55-64,642.53
,Female ,White,Heterosexual,55-64,273.71
,Female ,White,Heterosexual,55-64,1090.08
,Female ,White,Heterosexual,55-64,499.53
,Female ,White,Heterosexual,55-64,1051.23
,Female ,White,Heterosexual,55-64,767.50
,Female ,White,Heterosexual,55-64,1353.39
,Female ,White,Heterosexual,55-64,1205.63
,Female ,White,Heterosexual,55-64,825.15
,Female ,White,Heterosexual,55-64,766.54
,Female ,White,Heterosexual,55-64,634.98
,Female ,White,Heterosexual,55-64,828.27
,Female ,White,Heterosexual,55-64,868.41
,Female ,White,Heterosexual,55-64,847.33
,Female ,White,Heterosexual,55-64,977.68
,Female ,White,Heterosexual,55-64,1083.13
,Female ,White,Heterosexual,55-64,1025.91
,Female ,White,Heterosexual,55-64,747.46
,Female ,White,Heterosexual,55-64,579.05
,Female ,White,Heterosexual,55-64,1279.63
,Female ,White,Heterosexual,55-64,766.14
,Female ,White,Heterosexual,55-64,775.43
,Female ,White,Heterosexual,55-64,808.20
,Female ,White,Heterosexual,55-64,477.73
,Female ,White,Heterosexual,55-64,819.01
,Female ,White,Heterosexual,55-64,818.59
,Female ,White,Heterosexual,55-64,1093.59
,Female ,White,Heterosexual,55-64,1113.11
,Female ,White,Heterosexual,55-64,939.44
,Female ,White,Heterosexual,55-64,1171.46
,Female ,White,Heterosexual,55-64,1023.49
,Female ,White,Heterosexual,55-64,934.58
,Female ,White,Heterosexual,55-64,978.73
,Female ,White,Heterosexual,>64,890.84
,Female ,White,Heterosexual,>64,839.79
,Female ,White,Heterosexual,>64,871.57
,Female ,White,Heterosexual,>64,656.50
,Female ,White,Heterosexual,>64,1008.61
,Female ,White,Heterosexual,>64,690.22
,Female ,White,Heterosexual,>64,1148.91
,Female ,White,Heterosexual,>64,876.14
,Female ,White,Heterosexual,>64,950.87
,Female ,White,Heterosexual,>64,1061.96
,Female ,White,Heterosexual,>64,1099.33
,Female ,White,Heterosexual,>64,545.84
,Female ,White,Heterosexual,>64,886.77
,Female ,White,Heterosexual,>64,1158.54
,Female ,White,Heterosexual,>64,513.97
,Female ,White,Heterosexual,>64,1035.32
,Female ,White,Heterosexual,>64,374.61
,Female ,White,Heterosexual,>64,682.87
,Female ,White,Heterosexual,>64,948.16
,Female ,White,Heterosexual,>64,524.32
,Female ,White,Heterosexual,>64,692.12
,Female ,White,Heterosexual,>64,570.54
,Female ,White,Heterosexual,>64,1350.53
,Female ,White,Heterosexual,>64,979.56
,Female ,White,Homosexual,20-24,1665.17
,Female ,White,Homosexual,25-34,1324.20
,Female ,White,Homosexual,25-34,1468.84
,Female ,White,Homosexual,35-44,1784.38
,Female ,White,Homosexual,35-44,1691.05
,Female ,White,Homosexual,45-54,979.84
,Female ,White,Homosexual,55-64,1461.68
,Female ,White,Homosexual,>64,1186.32
,Female ,White,Bisexual ,25-34,750.8
,Female ,White,Bisexual ,35-44,788.32
,Female ,White,Bisexual ,45-54,750.8
,Female ,White,Bisexual ,55-64,713.26
,Female ,Black,Heterosexual,16-19,1261.51
,Female ,Black,Heterosexual,16-19,920.54
,Female ,Black,Heterosexual,20-24,1065.18
,Female ,Black,Heterosexual,20-24,1380.72
,Female ,Black,Heterosexual,20-24,1287.39
,Female ,Black,Heterosexual,20-24,576.18
,Female ,Black,Heterosexual,20-24,1058.02
,Female ,Black,Heterosexual,25-34,782.66
,Female ,Black,Heterosexual,25-34,794.70
,Female ,Black,Heterosexual,25-34,923.15
,Female ,Black,Heterosexual,25-34,856.51
,Female ,Black,Heterosexual,25-34,1184.07
,Female ,Black,Heterosexual,25-34,1010.76
,Female ,Black,Heterosexual,25-34,850.92
,Female ,Black,Heterosexual,25-34,931.47
,Female ,Black,Heterosexual,25-34,903.92
,Female ,Black,Heterosexual,25-34,1194.02
,Female ,Black,Heterosexual,25-34,769.21
,Female ,Black,Heterosexual,25-34,898.77
,Female ,Black,Heterosexual,35-44,606.98
,Female ,Black,Heterosexual,35-44,182.25
,Female ,Black,Heterosexual,35-44,983.90
,Female ,Black,Heterosexual,35-44,1036.61
,Female ,Black,Heterosexual,35-44,634.96
,Female ,Black,Heterosexual,35-44,1387.94
,Female ,Black,Heterosexual,35-44,456.91
,Female ,Black,Heterosexual,35-44,831.94
,Female ,Black,Heterosexual,35-44,773.70
,Female ,Black,Heterosexual,35-44,1203.69
,Female ,Black,Heterosexual,35-44,1187.84
,Female ,Black,Heterosexual,35-44,859.24
,Female ,Black,Heterosexual,45-54,915.04
,Female ,Black,Heterosexual,45-54,598.55
,Female ,Black,Heterosexual,45-54,325.30
,Female ,Black,Heterosexual,45-54,733.52
,Female ,Black,Heterosexual,45-54,859.59
,Female ,Black,Heterosexual,45-54,1128.07
,Female ,Black,Heterosexual,45-54,1121.09
,Female ,Black,Heterosexual,45-54,723.67
,Female ,Black,Heterosexual,45-54,744.92
,Female ,Black,Heterosexual,45-54,558.36
,Female ,Black,Heterosexual,45-54,465.50
,Female ,Black,Heterosexual,55-64,393.93
,Female ,Black,Heterosexual,55-64,1308.19
,Female ,Black,Heterosexual,55-64,693.09
,Female ,Black,Heterosexual,55-64,710.98
,Female ,Black,Heterosexual,55-64,507.30
,Female ,Black,Heterosexual,55-64,1014.87
,Female ,Black,Heterosexual,55-64,417.03
,Female ,Black,Heterosexual,55-64,767.31
,Female ,Black,Heterosexual,55-64,596.63
,Female ,Black,Heterosexual,55-64,917.23
,Female ,Black,Heterosexual,>64,692.80
,Female ,Black,Heterosexual,>64,525.34
,Female ,Black,Heterosexual,>64,813.45
,Female ,Black,Homosexual,20-24,656.4
,Female ,Black,Homosexual,25-34,689.22
,Female ,Black,Bisexual ,25-34,623.58
,Female ,Latino,Heterosexual,16-19,1239.61
,Female ,Latino,Heterosexual,16-19,898.64
,Female ,Latino,Heterosexual,20-24,1043.28
,Female ,Latino,Heterosexual,20-24,1358.82
,Female ,Latino,Heterosexual,20-24,1265.49
,Female ,Latino,Heterosexual,20-24,554.28
,Female ,Latino,Heterosexual,20-24,1036.12
,Female ,Latino,Heterosexual,25-34,760.76
,Female ,Latino,Heterosexual,25-34,772.80
,Female ,Latino,Heterosexual,25-34,901.25
,Female ,Latino,Heterosexual,25-34,834.61
,Female ,Latino,Heterosexual,25-34,1162.17
,Female ,Latino,Heterosexual,25-34,988.86
,Female ,Latino,Heterosexual,25-34,829.02
,Female ,Latino,Heterosexual,25-34,909.57
,Female ,Latino,Heterosexual,25-34,882.02
,Female ,Latino,Heterosexual,25-34,1172.12
,Female ,Latino,Heterosexual,25-34,747.31
,Female ,Latino,Heterosexual,25-34,876.87
,Female ,Latino,Heterosexual,35-44,585.08
,Female ,Latino,Heterosexual,35-44,160.35
,Female ,Latino,Heterosexual,35-44,962.00
,Female ,Latino,Heterosexual,35-44,1014.71
,Female ,Latino,Heterosexual,35-44,613.06
,Female ,Latino,Heterosexual,35-44,1366.04
,Female ,Latino,Heterosexual,35-44,435.01
,Female ,Latino,Heterosexual,35-44,810.04
,Female ,Latino,Heterosexual,35-44,751.80
,Female ,Latino,Heterosexual,35-44,1181.79
,Female ,Latino,Heterosexual,35-44,1165.94
,Female ,Latino,Heterosexual,45-54,837.34
,Female ,Latino,Heterosexual,45-54,893.14
,Female ,Latino,Heterosexual,45-54,576.65
,Female ,Latino,Heterosexual,45-54,303.40
,Female ,Latino,Heterosexual,45-54,711.62
,Female ,Latino,Heterosexual,45-54,837.69
,Female ,Latino,Heterosexual,45-54,1106.17
,Female ,Latino,Heterosexual,45-54,1099.19
,Female ,Latino,Heterosexual,45-54,701.77
,Female ,Latino,Heterosexual,45-54,723.02
,Female ,Latino,Heterosexual,45-54,536.46
,Female ,Latino,Heterosexual,55-64,443.60
,Female ,Latino,Heterosexual,55-64,372.03
,Female ,Latino,Heterosexual,55-64,1286.29
,Female ,Latino,Heterosexual,55-64,671.19
,Female ,Latino,Heterosexual,>64,689.08
,Female ,Latino,Heterosexual,>64,485.40
,Female ,Latino,Homosexual,25-34,606.95
,Female ,Latino,Homosexual,35-44,638.9
,Female ,Latino,Bisexual ,35-44,670.85
,Female ,Asian,Heterosexual,16-19,1601.87
,Female ,Asian,Heterosexual,20-24,1260.90
,Female ,Asian,Heterosexual,20-24,1405.54
,Female ,Asian,Heterosexual,20-24,1721.08
,Female ,Asian,Heterosexual,20-24,1627.75
,Female ,Asian,Heterosexual,25-34,916.54
,Female ,Asian,Heterosexual,25-34,1398.38
,Female ,Asian,Heterosexual,25-34,1123.02
,Female ,Asian,Heterosexual,25-34,1135.06
,Female ,Asian,Heterosexual,25-34,1263.51
,Female ,Asian,Heterosexual,25-34,1196.87
,Female ,Asian,Heterosexual,25-34,1524.43
,Female ,Asian,Heterosexual,25-34,1351.12
,Female ,Asian,Heterosexual,25-34,1191.28
,Female ,Asian,Heterosexual,35-44,1271.83
,Female ,Asian,Heterosexual,35-44,1244.28
,Female ,Asian,Heterosexual,35-44,1534.38
,Female ,Asian,Heterosexual,35-44,1109.57
,Female ,Asian,Heterosexual,35-44,1239.13
,Female ,Asian,Heterosexual,35-44,947.34
,Female ,Asian,Heterosexual,35-44,522.61
,Female ,Asian,Heterosexual,35-44,1324.26
,Female ,Asian,Heterosexual,35-44,1376.97
,Female ,Asian,Heterosexual,45-54,975.32
,Female ,Asian,Heterosexual,45-54,1728.30
,Female ,Asian,Heterosexual,45-54,797.27
,Female ,Asian,Heterosexual,45-54,1172.30
,Female ,Asian,Heterosexual,45-54,1114.06
,Female ,Asian,Heterosexual,45-54,1544.05
,Female ,Asian,Heterosexual,45-54,1528.20
,Female ,Asian,Heterosexual,45-54,1199.60
,Female ,Asian,Heterosexual,55-64,1255.40
,Female ,Asian,Heterosexual,55-64,938.91
,Female ,Asian,Heterosexual,55-64,665.66
,Female ,Asian,Heterosexual,55-64,1073.88
,Female ,Asian,Heterosexual,>64,1199.95
,Female ,Asian,Homosexual,25-34,882.27
,Female ,Asian,Homosexual,35-44,928.7
,Female ,Asian,Bisexual ,35-44,975.14
,Transgender,White,Homosexual,35-44,698.25
,Transgender,White,Heterosexual,45-54,771.75
,Transgender,Black,Heterosexual,25-34,589.00
,Transgender,Latino,Heterosexual,45-54,597.00
,Transgender,Asian,Heterosexual,25-34,850.00